{"speed":1.5,"stage":"stage","playables":[false,true],"notes":[[11636.3633,0,3,0,"spooky"],[12000,0,3,0,"spooky"],[12363.6367,0,0,0,"spooky"],[12545.4541,0,3,0,"spooky"],[12727.2725,0,2,0,"spooky"],[12909.0908,0,3,0,"spooky"],[13090.9092,0,0,0,"spooky"],[13454.5449,0,1,0,"spooky"],[13818.1816,0,3,0,"spooky"],[14000,0,3,0,"spooky"],[14181.8184,0,3,181.818176,"spooky"],[14545.4541,0,3,0,"spooky"],[14909.0908,0,3,0,"spooky"],[15272.7275,0,3,0,"spooky"],[15454.5449,0,2,0,"spooky"],[15636.3633,0,0,0,"spooky"],[15818.1816,0,1,0,"spooky"],[16000,0,0,0,"spooky"],[16363.6357,0,0,0,"spooky"],[16727.2734,0,2,0,"spooky"],[17090.9082,0,0,0,"spooky"],[17272.7266,0,3,0,"spooky"],[17454.5449,1,3,0,"bf"],[17818.1816,1,3,0,"bf"],[18181.8184,1,0,0,"bf"],[18363.6367,1,3,0,"bf"],[18545.4551,1,2,0,"bf"],[18727.2734,1,3,0,"bf"],[18909.09,1,0,0,"bf"],[19272.7266,1,1,0,"bf"],[19636.3633,1,3,0,"bf"],[19818.1816,1,3,0,"bf"],[20000,1,3,181.818176,"bf"],[20363.6367,1,3,0,"bf"],[20727.2734,1,3,0,"bf"],[21090.9082,1,3,0,"bf"],[21272.7266,1,2,0,"bf"],[21454.5449,1,0,0,"bf"],[21636.3633,1,1,0,"bf"],[21818.1816,1,0,0,"bf"],[22181.8184,1,0,0,"bf"],[22545.4551,1,2,0,"bf"],[22909.09,1,0,0,"bf"],[23090.9082,1,3,0,"bf"],[23272.7266,0,2,0,"spooky"],[23454.5449,0,1,0,"spooky"],[23636.3633,0,0,0,"spooky"],[23818.1816,0,0,0,"spooky"],[23909.09,0,3,0,"spooky"],[24000,0,2,0,"spooky"],[24181.8184,0,0,0,"spooky"],[24363.6367,0,2,0,"spooky"],[24545.4551,0,1,0,"spooky"],[24727.2734,0,2,0,"spooky"],[25090.9082,0,2,0,"spooky"],[25454.5449,0,2,0,"spooky"],[25636.3633,0,1,0,"spooky"],[25818.1816,0,0,0,"spooky"],[26000,0,3,0,"spooky"],[26181.8184,0,0,0,"spooky"],[26545.4551,0,0,0,"spooky"],[26727.2734,0,0,0,"spooky"],[26818.1816,0,2,0,"spooky"],[26909.09,0,3,0,"spooky"],[27090.9082,0,0,0,"spooky"],[27272.7266,0,1,0,"spooky"],[27454.5449,0,3,0,"spooky"],[27636.3633,0,2,0,"spooky"],[28000,0,2,0,"spooky"],[28363.6367,0,2,0,"spooky"],[28545.4551,0,3,0,"spooky"],[28727.2715,0,0,0,"spooky"],[28909.09,0,1,0,"spooky"],[29090.9082,1,2,0,"bf"],[29272.7266,1,1,0,"bf"],[29454.5449,1,0,0,"bf"],[29636.3633,1,0,0,"bf"],[29727.2715,1,3,0,"bf"],[29818.1816,1,2,0,"bf"],[30000,1,0,0,"bf"],[30181.8184,1,2,0,"bf"],[30363.6367,1,1,0,"bf"],[30545.4551,1,2,0,"bf"],[30909.09,1,2,0,"bf"],[31272.7266,1,2,0,"bf"],[31454.5449,1,1,0,"bf"],[31636.3633,1,0,0,"bf"],[31818.1816,1,3,0,"bf"],[32000,1,0,0,"bf"],[32363.6367,1,0,0,"bf"],[32545.4551,1,0,0,"bf"],[32636.3633,1,2,0,"bf"],[32727.2715,1,3,0,"bf"],[32909.09,1,0,0,"bf"],[33090.91,1,1,0,"bf"],[33272.7266,1,3,0,"bf"],[33454.5469,1,2,0,"bf"],[33818.18,1,2,0,"bf"],[34181.8164,1,2,0,"bf"],[34363.6367,1,3,0,"bf"],[34545.4531,1,0,0,"bf"],[34727.2734,1,1,0,"bf"],[34909.09,0,2,0,"spooky"],[35090.91,0,3,0,"spooky"],[35272.7266,0,0,0,"spooky"],[35454.5469,0,2,0,"spooky"],[35636.3633,0,3,0,"spooky"],[35818.18,0,0,0,"spooky"],[36000,0,2,0,"spooky"],[36181.8164,0,3,0,"spooky"],[36363.6367,0,0,0,"spooky"],[36545.4531,0,2,0,"spooky"],[36727.2734,0,3,0,"spooky"],[36909.09,0,0,0,"spooky"],[37090.91,0,0,0,"spooky"],[37272.7266,0,3,0,"spooky"],[37454.5469,0,0,0,"spooky"],[37818.18,0,2,0,"spooky"],[38000,0,3,0,"spooky"],[38181.8164,0,0,0,"spooky"],[38363.6367,0,2,0,"spooky"],[38545.4531,0,3,0,"spooky"],[38727.2734,0,0,0,"spooky"],[38909.09,0,2,0,"spooky"],[39090.91,0,3,0,"spooky"],[39272.7266,0,0,0,"spooky"],[39454.5469,0,1,0,"spooky"],[39636.3633,0,3,0,"spooky"],[39818.18,0,0,0,"spooky"],[40000,0,3,0,"spooky"],[40181.8164,0,0,0,"spooky"],[40363.6367,0,3,0,"spooky"],[40727.2734,1,2,0,"bf"],[40909.09,1,3,0,"bf"],[41090.91,1,0,0,"bf"],[41272.7266,1,2,0,"bf"],[41454.5469,1,3,0,"bf"],[41636.3633,1,0,0,"bf"],[41818.18,1,2,0,"bf"],[42000,1,3,0,"bf"],[42181.8164,1,0,0,"bf"],[42363.6367,1,2,0,"bf"],[42545.4531,1,3,0,"bf"],[42727.2734,1,0,0,"bf"],[42909.09,1,0,0,"bf"],[43090.91,1,3,0,"bf"],[43272.7266,1,0,0,"bf"],[43636.3633,1,2,0,"bf"],[43818.18,1,3,0,"bf"],[44000,1,0,0,"bf"],[44181.8164,1,2,0,"bf"],[44363.6367,1,3,0,"bf"],[44545.4531,1,0,0,"bf"],[44727.2734,1,2,0,"bf"],[44909.09,1,3,0,"bf"],[45090.91,1,0,0,"bf"],[45272.7266,1,1,0,"bf"],[45454.5469,1,3,0,"bf"],[45636.3633,1,0,0,"bf"],[45818.18,1,3,0,"bf"],[46000,1,0,0,"bf"],[46181.8164,1,3,0,"bf"],[46545.4531,0,0,0,"spooky"],[46818.18,0,3,0,"spooky"],[46909.09,0,1,0,"spooky"],[47090.91,0,0,0,"spooky"],[47272.7266,0,3,0,"spooky"],[47454.5469,0,1,0,"spooky"],[47636.3633,0,2,0,"spooky"],[47818.18,0,3,0,"spooky"],[48000,0,0,0,"spooky"],[48181.8164,0,2,0,"spooky"],[48363.6367,0,3,0,"spooky"],[48545.4531,0,0,0,"spooky"],[48727.2734,0,3,0,"spooky"],[48909.09,0,2,0,"spooky"],[49090.91,0,0,0,"spooky"],[49454.5469,0,0,0,"spooky"],[49545.4531,0,3,0,"spooky"],[49636.3633,0,2,0,"spooky"],[49818.18,0,3,0,"spooky"],[50000,0,0,0,"spooky"],[50181.8164,0,2,0,"spooky"],[50363.6367,0,3,0,"spooky"],[50545.4531,0,0,0,"spooky"],[50636.3633,0,3,0,"spooky"],[50727.2734,0,2,0,"spooky"],[50909.09,0,1,0,"spooky"],[51090.91,0,1,0,"spooky"],[51272.7266,0,0,0,"spooky"],[51454.5469,0,3,0,"spooky"],[51636.3633,0,2,0,"spooky"],[51818.18,0,3,0,"spooky"],[52000,0,0,0,"spooky"],[52363.6367,1,0,0,"bf"],[52636.3633,1,3,0,"bf"],[52727.2734,1,1,0,"bf"],[52909.09,1,0,0,"bf"],[53090.91,1,3,0,"bf"],[53272.7266,1,1,0,"bf"],[53454.5469,1,2,0,"bf"],[53636.3633,1,3,0,"bf"],[53818.18,1,0,0,"bf"],[54000,1,2,0,"bf"],[54181.8164,1,3,0,"bf"],[54363.6367,1,0,0,"bf"],[54545.4531,1,3,0,"bf"],[54727.2734,1,2,0,"bf"],[54909.09,1,0,0,"bf"],[55272.7266,1,0,0,"bf"],[55363.6367,1,3,0,"bf"],[55454.5469,1,2,0,"bf"],[55636.3633,1,3,0,"bf"],[55818.18,1,0,0,"bf"],[56000,1,2,0,"bf"],[56181.8164,1,3,0,"bf"],[56363.6367,1,0,0,"bf"],[56454.543,1,3,0,"bf"],[56545.4531,1,2,0,"bf"],[56727.2734,1,1,0,"bf"],[56909.09,1,1,0,"bf"],[57090.91,1,0,0,"bf"],[57272.7266,1,3,0,"bf"],[57454.543,0,0,0,"spooky"],[57454.543,1,2,0,"bf"],[57636.3633,0,3,0,"spooky"],[57636.3633,1,3,0,"bf"],[57818.18,0,1,0,"spooky"],[57818.18,1,0,0,"bf"],[58000,0,3,0,"spooky"],[58181.8164,0,3,0,"spooky"],[58545.4531,0,3,0,"spooky"],[58727.2734,0,1,0,"spooky"],[58909.09,0,2,0,"spooky"],[59090.91,0,0,0,"spooky"],[59272.7266,0,1,0,"spooky"],[59454.543,0,3,0,"spooky"],[59636.3633,0,0,272.727264,"spooky"],[60000,0,2,0,"spooky"],[60363.6367,0,2,0,"spooky"],[60545.4531,0,2,0,"spooky"],[60727.2734,0,2,181.818176,"spooky"],[61090.91,0,2,0,"spooky"],[61454.543,0,2,0,"spooky"],[61636.3633,0,3,0,"spooky"],[61818.18,0,1,0,"spooky"],[62000,0,0,0,"spooky"],[62181.8164,0,3,0,"spooky"],[62363.6367,0,0,0,"spooky"],[62545.4531,0,0,0,"spooky"],[62909.09,0,0,0,"spooky"],[63272.7266,1,0,0,"bf"],[63272.7266,0,2,0,"spooky"],[63454.543,1,3,0,"bf"],[63636.3633,1,1,0,"bf"],[63636.3633,0,0,0,"spooky"],[63818.18,1,3,0,"bf"],[63818.18,0,3,0,"spooky"],[64000,1,3,0,"bf"],[64363.6367,1,3,0,"bf"],[64545.4531,1,1,0,"bf"],[64727.2734,1,2,0,"bf"],[64909.09,1,0,0,"bf"],[65090.91,1,1,0,"bf"],[65272.7266,1,3,0,"bf"],[65454.543,1,0,272.727264,"bf"],[65818.18,1,2,0,"bf"],[66181.82,1,2,0,"bf"],[66363.63,1,2,0,"bf"],[66545.45,1,2,181.818176,"bf"],[66909.09,1,2,0,"bf"],[67272.73,1,2,0,"bf"],[67454.55,1,3,0,"bf"],[67636.36,1,1,0,"bf"],[67818.18,1,0,0,"bf"],[68000,1,3,0,"bf"],[68181.82,1,0,0,"bf"],[68363.63,1,0,0,"bf"],[68727.27,1,0,0,"bf"],[69090.91,1,2,0,"bf"],[69454.55,1,0,0,"bf"],[69636.36,1,3,0,"bf"],[69818.18,0,2,0,"spooky"],[70000,0,3,0,"spooky"],[70181.82,0,0,0,"spooky"],[70363.63,0,3,0,"spooky"],[70454.55,0,2,0,"spooky"],[70545.45,0,0,0,"spooky"],[70727.27,0,3,0,"spooky"],[70909.09,0,2,0,"spooky"],[71090.91,0,3,0,"spooky"],[71272.73,0,2,0,"spooky"],[71636.36,0,2,0,"spooky"],[71818.18,0,0,0,"spooky"],[72000,0,2,0,"spooky"],[72181.82,0,3,0,"spooky"],[72363.63,0,0,0,"spooky"],[72545.45,0,2,0,"spooky"],[72727.27,0,0,0,"spooky"],[73090.91,0,0,0,"spooky"],[73272.73,0,0,0,"spooky"],[73363.63,0,3,0,"spooky"],[73454.55,0,2,0,"spooky"],[73636.36,0,3,0,"spooky"],[73818.18,0,2,0,"spooky"],[74000,0,0,0,"spooky"],[74181.82,0,2,0,"spooky"],[74363.63,0,3,0,"spooky"],[74545.45,0,2,0,"spooky"],[74727.27,0,0,0,"spooky"],[74909.09,0,1,0,"spooky"],[75090.91,0,3,0,"spooky"],[75272.73,0,0,0,"spooky"],[75454.55,0,3,0,"spooky"],