{
  "speed": 2.4,
  "stage": "stage",
  "playables": [false, true],
  "notes": [
    [6400, 0, 0, 0, "spooky"],
    [6599.99951, 0, 1, 0, "spooky"],
    [6799.99951, 0, 3, 0, "spooky"],
    [7199.99951, 0, 3, 0, "spooky"],
    [7599.99951, 0, 2, 0, "spooky"],
    [7799.99951, 0, 3, 0, "spooky"],
    [7999.99951, 0, 1, 0, "spooky"],
    [8200, 0, 3, 0, "spooky"],
    [8400, 0, 3, 0, "spooky"],
    [8800, 0, 2, 0, "spooky"],
    [9200, 0, 0, 0, "spooky"],
    [9400, 0, 3, 0, "spooky"],
    [9600, 1, 0, 0, "bf"],
    [9800, 1, 1, 0, "bf"],
    [10000, 1, 3, 0, "bf"],
    [10400, 1, 3, 0, "bf"],
    [10800, 1, 2, 0, "bf"],
    [11000, 1, 3, 0, "bf"],
    [11200, 1, 1, 0, "bf"],
    [11400, 1, 3, 0, "bf"],
    [11600, 1, 3, 0, "bf"],
    [12000, 1, 2, 0, "bf"],
    [12400, 1, 0, 0, "bf"],
    [12600, 1, 3, 0, "bf"],
    [12800, 0, 2, 0, "spooky"],
    [12999.999, 0, 3, 0, "spooky"],
    [13099.999, 0, 1, 0, "spooky"],
    [13199.999, 0, 0, 0, "spooky"],
    [13399.999, 0, 0, 0, "spooky"],
    [13599.999, 0, 2, 0, "spooky"],
    [13799.999, 0, 3, 0, "spooky"],
    [13999.999, 0, 1, 0, "spooky"],
    [14399.999, 0, 1, 0, "spooky"],
    [14599.999, 0, 0, 0, "spooky"],
    [14699.999, 0, 1, 0, "spooky"],
    [14799.999, 0, 3, 0, "spooky"],
    [14999.999, 0, 3, 0, "spooky"],
    [15199.999, 0, 0, 0, "spooky"],
    [15399.999, 0, 0, 0, "spooky"],
    [15600, 0, 2, 0, "spooky"],
    [15999.999, 1, 2, 0, "bf"],
    [16199.999, 1, 3, 0, "bf"],
    [16299.999, 1, 1, 0, "bf"],
    [16400, 1, 0, 0, "bf"],
    [16600, 1, 0, 0, "bf"],
    [16800, 1, 2, 0, "bf"],
    [17000, 1, 3, 0, "bf"],
    [17200, 1, 1, 0, "bf"],
    [17600, 1, 1, 0, "bf"],
    [17800, 1, 0, 0, "bf"],
    [17900, 1, 1, 0, "bf"],
    [18000, 1, 3, 0, "bf"],
    [18200, 1, 3, 0, "bf"],
    [18400, 1, 0, 0, "bf"],
    [18600, 1, 0, 0, "bf"],
    [18800, 0, 0, 0, "spooky"],
    [19000, 0, 3, 0, "spooky"],
    [18800, 1, 2, 0, "bf"],
    [19200, 0, 2, 0, "spooky"],
    [19400, 0, 3, 0, "spooky"],
    [19500, 0, 1, 0, "spooky"],
    [19600, 0, 3, 0, "spooky"],
    [20000, 0, 3, 0, "spooky"],
    [20300, 0, 3, 0, "spooky"],
    [20600, 0, 3, 0, "spooky"],
    [20800, 0, 2, 0, "spooky"],
    [21000, 0, 0, 0, "spooky"],
    [21100, 0, 1, 0, "spooky"],
    [21200, 0, 3, 0, "spooky"],
    [21600, 0, 3, 0, "spooky"],
    [21900, 0, 1, 0, "spooky"],
    [22000, 0, 3, 0, "spooky"],
    [22200, 0, 3, 0, "spooky"],
    [22400, 0, 2, 0, "spooky"],
    [22600, 0, 3, 0, "spooky"],
    [22700, 0, 1, 0, "spooky"],
    [22800, 0, 3, 0, "spooky"],
    [23200, 0, 3, 0, "spooky"],
    [23500, 0, 3, 0, "spooky"],
    [23800, 0, 3, 0, "spooky"],
    [24000, 0, 2, 0, "spooky"],
    [24200, 0, 0, 0, "spooky"],
    [24300, 0, 1, 0, "spooky"],
    [24400, 0, 3, 0, "spooky"],
    [24800, 0, 1, 0, "spooky"],
    [25200, 0, 2, 0, "spooky"],
    [25200, 1, 0, 0, "bf"],
    [25400, 0, 2, 0, "spooky"],
    [25400, 1, 3, 0, "bf"],
    [25600, 1, 2, 0, "bf"],
    [25799.998, 1, 3, 0, "bf"],
    [25899.998, 1, 1, 0, "bf"],
    [25999.998, 1, 3, 0, "bf"],
    [26399.998, 1, 3, 0, "bf"],
    [26699.998, 1, 3, 0, "bf"],
    [26999.998, 1, 3, 0, "bf"],
    [27199.998, 1, 2, 0, "bf"],
    [27399.998, 1, 0, 0, "bf"],
    [27499.998, 1, 1, 0, "bf"],
    [27599.998, 1, 3, 0, "bf"],
    [27999.998, 1, 3, 0, "bf"],
    [28299.998, 1, 1, 0, "bf"],
    [28399.998, 1, 3, 0, "bf"],
    [28599.998, 1, 3, 0, "bf"],
    [28799.998, 1, 2, 0, "bf"],
    [28999.998, 1, 3, 0, "bf"],
    [29099.998, 1, 1, 0, "bf"],
    [29199.998, 1, 3, 0, "bf"],
    [29599.998, 1, 3, 0, "bf"],
    [29899.998, 1, 3, 0, "bf"],
    [30199.998, 1, 3, 0, "bf"],
    [30399.998, 1, 2, 0, "bf"],
    [30599.998, 1, 0, 0, "bf"],
    [30699.998, 1, 1, 0, "bf"],
    [30799.998, 1, 3, 0, "bf"],
    [31199.998, 1, 1, 0, "bf"],
    [31599.998, 1, 2, 0, "bf"],
    [31599.998, 0, 3, 0, "spooky"],
    [31799.998, 1, 2, 0, "bf"],
    [31799.998, 0, 1, 0, "spooky"],
    [31999.998, 0, 0, 0, "spooky"],
    [32199.998, 0, 1, 0, "spooky"],
    [32399.998, 0, 3, 0, "spooky"],
    [32800, 0, 3, 0, "spooky"],
    [33200, 0, 2, 0, "spooky"],
    [33400, 0, 3, 0, "spooky"],
    [33600, 0, 1, 0, "spooky"],
    [33800, 0, 3, 0, "spooky"],
    [34000, 0, 3, 0, "spooky"],
    [34400, 0, 2, 0, "spooky"],
    [34800, 0, 0, 0, "spooky"],
    [35000, 0, 3, 0, "spooky"],
    [35200, 1, 0, 0, "bf"],
    [35400, 1, 1, 0, "bf"],
    [35600, 1, 3, 0, "bf"],
    [36000, 1, 3, 0, "bf"],
    [36400, 1, 2, 0, "bf"],
    [36600, 1, 3, 0, "bf"],
    [36800, 1, 1, 0, "bf"],
    [37000, 1, 3, 0, "bf"],
    [37200, 1, 3, 0, "bf"],
    [37600, 1, 2, 0, "bf"],
    [38000, 1, 0, 0, "bf"],
    [38200, 1, 3, 0, "bf"],
    [38400, 0, 2, 0, "spooky"],
    [38600, 0, 3, 0, "spooky"],
    [38700, 0, 1, 0, "spooky"],
    [38800, 0, 0, 0, "spooky"],
    [39000, 0, 0, 0, "spooky"],
    [39200, 0, 2, 0, "spooky"],
    [39400, 0, 3, 0, "spooky"],
    [39600, 0, 1, 0, "spooky"],
    [40000, 0, 1, 0, "spooky"],
    [40200, 0, 0, 0, "spooky"],
    [40300, 0, 1, 0, "spooky"],
    [40400, 0, 3, 0, "spooky"],
    [40600, 0, 3, 0, "spooky"],
    [40800, 0, 0, 0, "spooky"],
    [41000, 0, 0, 0, "spooky"],
    [41200, 0, 2, 0, "spooky"],
    [41600, 1, 2, 0, "bf"],
    [41800, 1, 3, 0, "bf"],
    [41900, 1, 1, 0, "bf"],
    [42000, 1, 0, 0, "bf"],
    [42200, 1, 0, 0, "bf"],
    [42400, 1, 2, 0, "bf"],
    [42600, 1, 3, 0, "bf"],
    [42800, 1, 1, 0, "bf"],
    [43200, 1, 1, 0, "bf"],
    [43400, 1, 0, 0, "bf"],
    [43500, 1, 1, 0, "bf"],
    [43600, 1, 3, 0, "bf"],
    [43800, 1, 3, 0, "bf"],
    [44000, 1, 0, 0, "bf"],
    [44200, 1, 0, 0, "bf"],
    [44400, 0, 0, 0, "spooky"],
    [44600, 0, 3, 0, "spooky"],
    [44400, 1, 2, 0, "bf"],
    [44800, 0, 2, 0, "spooky"],
    [45000, 0, 3, 0, "spooky"],
    [45100, 0, 1, 0, "spooky"],
    [45200, 0, 3, 0, "spooky"],
    [45500, 0, 3, 0, "spooky"],
    [45600, 0, 3, 0, "spooky"],
    [45900, 0, 3, 0, "spooky"],
    [46200, 0, 3, 0, "spooky"],
    [46400, 0, 2, 0, "spooky"],
    [46600, 0, 0, 0, "spooky"],
    [46700, 0, 1, 0, "spooky"],
    [46800, 0, 3, 0, "spooky"],
    [47100, 0, 3, 0, "spooky"],
    [47200, 0, 1, 0, "spooky"],
    [47400, 0, 0, 0, "spooky"],
    [47500, 0, 2, 0, "spooky"],
    [47600, 0, 3, 0, "spooky"],
    [47800, 0, 3, 0, "spooky"],
    [47900, 0, 1, 0, "spooky"],
    [48000, 0, 2, 0, "spooky"],
    [48200, 0, 3, 0, "spooky"],
    [48300, 0, 1, 0, "spooky"],
    [48400, 0, 3, 0, "spooky"],
    [48800, 0, 3, 0, "spooky"],
    [49100, 0, 3, 0, "spooky"],
    [49400, 0, 3, 0, "spooky"],
    [49600, 0, 2, 0, "spooky"],
    [49800, 0, 0, 0, "spooky"],
    [49900, 0, 1, 0, "spooky"],
    [50000, 0, 3, 0, "spooky"],
    [50400, 0, 3, 0, "spooky"],
    [50800, 1, 0, 0, "bf"],
    [51000, 1, 3, 0, "bf"],
    [51200, 1, 2, 0, "bf"],
    [51399.9961, 1, 3, 0, "bf"],
    [51499.9961, 1, 1, 0, "bf"],
    [51599.9961, 1, 3, 0, "bf"],
    [51899.9961, 1, 3, 0, "bf"],
    [51999.9961, 1, 3, 0, "bf"],
    [52299.9961, 1, 3, 0, "bf"],
    [52599.9961, 1, 3, 0, "bf"],
    [52799.9961, 1, 2, 0, "bf"],
    [52999.9961, 1, 0, 0, "bf"],
    [53099.9961, 1, 1, 0, "bf"],
    [53199.9961, 1, 3, 0, "bf"],
    [53499.9961, 1, 3, 0, "bf"],
    [53599.9961, 1, 1, 0, "bf"],
    [53799.9961, 1, 0, 0, "bf"],
    [53899.9961, 1, 2, 0, "bf"],
    [53999.9961, 1, 3, 0, "bf"],
    [54199.9961, 1, 3, 0, "bf"],
    [54299.9961, 1, 1, 0, "bf"],
    [54399.9961, 1, 2, 0, "bf"],
    [54599.9961, 1, 3, 0, "bf"],
    [54699.9961, 1, 1, 0, "bf"],
    [54799.9961, 1, 3, 0, "bf"],
    [55199.9961, 1, 3, 0, "bf"],
    [55499.9961, 1, 3, 0, "bf"],
    [55799.9961, 1, 3, 0, "bf"],
    [55999.9961, 1, 2, 0, "bf"],
    [56199.9961, 1, 0, 0, "bf"],
    [56299.9961, 1, 1, 0, "bf"],
    [56399.9961, 1, 3, 0, "bf"],
    [56799.9961, 1, 3, 0, "bf"],
    [57599.9961, 0, 2, 300, "spooky"],
    [57999.9961, 0, 3, 300, "spooky"],
    [58399.9961, 0, 1, 300, "spooky"],
    [58799.9961, 0, 2, 300, "spooky"],
    [59199.9961, 0, 2, 100, "spooky"],
    [59399.9961, 0, 3, 100, "spooky"],
    [59599.9961, 0, 0, 300, "spooky"],
